<?xml version="1.0" ?>
<net batch="1" name="speaker_diarization" version="6">
	<layers>
		<layer id="0" name="input" precision="FP16" type="Input">
			<output>
				<port id="0">
					<dim>1</dim>
					<dim>128</dim>
					<dim>30</dim>
				</port>
			</output>
		</layer>
		<layer id="1" name="24" precision="FP16" type="Permute">
			<data order="2,0,1"/>
			<input>
				<port id="0">
					<dim>1</dim>
					<dim>128</dim>
					<dim>30</dim>
				</port>
			</input>
			<output>
				<port id="1">
					<dim>30</dim>
					<dim>1</dim>
					<dim>128</dim>
				</port>
			</output>
		</layer>
		<layer id="2" name="hidden" precision="FP16" type="Input">
			<output>
				<port id="0">
					<dim>5</dim>
					<dim>1</dim>
					<dim>256</dim>
				</port>
			</output>
		</layer>
		<layer id="3" name="796/Split" precision="FP16" type="Split">
			<data axis="0"/>
			<input>
				<port id="0">
					<dim>5</dim>
					<dim>1</dim>
					<dim>256</dim>
				</port>
			</input>
			<output>
				<port id="1">
					<dim>1</dim>
					<dim>1</dim>
					<dim>256</dim>
				</port>
				<port id="2">
					<dim>1</dim>
					<dim>1</dim>
					<dim>256</dim>
				</port>
				<port id="3">
					<dim>1</dim>
					<dim>1</dim>
					<dim>256</dim>
				</port>
				<port id="4">
					<dim>1</dim>
					<dim>1</dim>
					<dim>256</dim>
				</port>
				<port id="5">
					<dim>1</dim>
					<dim>1</dim>
					<dim>256</dim>
				</port>
			</output>
		</layer>
		<layer id="4" name="669_const" precision="I32" type="Const">
			<output>
				<port id="1">
					<dim>2</dim>
				</port>
			</output>
			<blobs>
				<custom offset="0" size="8"/>
			</blobs>
		</layer>
		<layer id="5" name="47/HiddenStateResize" precision="FP16" type="Reshape">
			<input>
				<port id="0">
					<dim>1</dim>
					<dim>1</dim>
					<dim>256</dim>
				</port>
				<port id="1">
					<dim>2</dim>
				</port>
			</input>
			<output>
				<port id="2">
					<dim>1</dim>
					<dim>256</dim>
				</port>
			</output>
		</layer>
		<layer id="6" name="47/TensorIterator" precision="FP16" type="TensorIterator">
			<input>
				<port id="0">
					<dim>30</dim>
					<dim>1</dim>
					<dim>128</dim>
				</port>
				<port id="1">
					<dim>1</dim>
					<dim>256</dim>
				</port>
			</input>
			<output>
				<port id="2">
					<dim>30</dim>
					<dim>1</dim>
					<dim>256</dim>
				</port>
				<port id="3">
					<dim>1</dim>
					<dim>256</dim>
				</port>
			</output>
			<port_map>
				<input axis="0" external_port_id="0" internal_layer_id="0" internal_port_id="0" part_size="1" stride="1"/>
				<input external_port_id="1" internal_layer_id="1" internal_port_id="1"/>
				<output axis="0" external_port_id="2" internal_layer_id="2" internal_port_id="1" part_size="1" stride="1"/>
				<output external_port_id="3" internal_layer_id="1" internal_port_id="4"/>
			</port_map>
			<back_edges>
				<edge from-layer="1" from-port="4" to-layer="1" to-port="1"/>
			</back_edges>
			<body>
				<layers>
					<layer id="0" name="47/input_squeeze" precision="FP16" type="Reshape">
						<data dim="-1,128"/>
						<input>
							<port id="0">
								<dim>1</dim>
								<dim>1</dim>
								<dim>128</dim>
							</port>
						</input>
						<output>
							<port id="1">
								<dim>1</dim>
								<dim>128</dim>
							</port>
						</output>
					</layer>
					<layer id="1" name="47/GRUCell" precision="FP16" type="GRUCell">
						<data hidden_size="256" linear_before_reset="1"/>
						<input>
							<port id="0">
								<dim>1</dim>
								<dim>128</dim>
							</port>
							<port id="1">
								<dim>1</dim>
								<dim>256</dim>
							</port>
						</input>
						<output>
							<port id="4">
								<dim>1</dim>
								<dim>256</dim>
							</port>
						</output>
						<blobs>
							<weights offset="1602" size="589824"/>
							<biases offset="591426" size="2048"/>
						</blobs>
					</layer>
					<layer id="2" name="47/output_unsqueeze/" precision="FP16" type="Reshape">
						<data dim="1,-1,256"/>
						<input>
							<port id="0">
								<dim>1</dim>
								<dim>256</dim>
							</port>
						</input>
						<output>
							<port id="1">
								<dim>1</dim>
								<dim>1</dim>
								<dim>256</dim>
							</port>
						</output>
					</layer>
				</layers>
				<edges>
					<edge from-layer="0" from-port="1" to-layer="1" to-port="0"/>
					<edge from-layer="1" from-port="4" to-layer="2" to-port="0"/>
				</edges>
			</body>
		</layer>
		<layer id="7" name="666_const" precision="I32" type="Const">
			<output>
				<port id="1">
					<dim>3</dim>
				</port>
			</output>
			<blobs>
				<custom offset="8" size="12"/>
			</blobs>
		</layer>
		<layer id="8" name="47/SqueezeNumDirections/1" precision="FP16" type="Reshape">
			<input>
				<port id="0">
					<dim>1</dim>
					<dim>256</dim>
				</port>
				<port id="1">
					<dim>3</dim>
				</port>
			</input>
			<output>
				<port id="2">
					<dim>1</dim>
					<dim>1</dim>
					<dim>256</dim>
				</port>
			</output>
		</layer>
		<layer id="9" name="662_const" precision="I32" type="Const">
			<output>
				<port id="1">
					<dim>4</dim>
				</port>
			</output>
			<blobs>
				<custom offset="20" size="16"/>
			</blobs>
		</layer>
		<layer id="10" name="47/SqueezeNumDirections/0" precision="FP16" type="Reshape">
			<input>
				<port id="0">
					<dim>30</dim>
					<dim>1</dim>
					<dim>256</dim>
				</port>
				<port id="1">
					<dim>4</dim>
				</port>
			</input>
			<output>
				<port id="2">
					<dim>30</dim>
					<dim>1</dim>
					<dim>1</dim>
					<dim>256</dim>
				</port>
			</output>
		</layer>
		<layer id="11" name="49/Dims/Output_0/Data__const" precision="I32" type="Const">
			<output>
				<port id="1">
					<dim>1</dim>
				</port>
			</output>
			<blobs>
				<custom offset="36" size="4"/>
			</blobs>
		</layer>
		<layer id="12" name="49" precision="FP16" type="Squeeze">
			<input>
				<port id="0">
					<dim>30</dim>
					<dim>1</dim>
					<dim>1</dim>
					<dim>256</dim>
				</port>
				<port id="1">
					<dim>1</dim>
				</port>
			</input>
			<output>
				<port id="2">
					<dim>30</dim>
					<dim>1</dim>
					<dim>256</dim>
				</port>
			</output>
		</layer>
		<layer id="13" name="655_const" precision="I32" type="Const">
			<output>
				<port id="1">
					<dim>2</dim>
				</port>
			</output>
			<blobs>
				<custom offset="0" size="8"/>
			</blobs>
		</layer>
		<layer id="14" name="71/HiddenStateResize" precision="FP16" type="Reshape">
			<input>
				<port id="0">
					<dim>1</dim>
					<dim>1</dim>
					<dim>256</dim>
				</port>
				<port id="1">
					<dim>2</dim>
				</port>
			</input>
			<output>
				<port id="2">
					<dim>1</dim>
					<dim>256</dim>
				</port>
			</output>
		</layer>
		<layer id="15" name="71/TensorIterator" precision="FP16" type="TensorIterator">
			<input>
				<port id="0">
					<dim>30</dim>
					<dim>1</dim>
					<dim>256</dim>
				</port>
				<port id="1">
					<dim>1</dim>
					<dim>256</dim>
				</port>
			</input>
			<output>
				<port id="2">
					<dim>30</dim>
					<dim>1</dim>
					<dim>256</dim>
				</port>
				<port id="3">
					<dim>1</dim>
					<dim>256</dim>
				</port>
			</output>
			<port_map>
				<input axis="0" external_port_id="0" internal_layer_id="0" internal_port_id="0" part_size="1" stride="1"/>
				<input external_port_id="1" internal_layer_id="1" internal_port_id="1"/>
				<output axis="0" external_port_id="2" internal_layer_id="2" internal_port_id="1" part_size="1" stride="1"/>
				<output external_port_id="3" internal_layer_id="1" internal_port_id="4"/>
			</port_map>
			<back_edges>
				<edge from-layer="1" from-port="4" to-layer="1" to-port="1"/>
			</back_edges>
			<body>
				<layers>
					<layer id="0" name="71/input_squeeze" precision="FP16" type="Reshape">
						<data dim="-1,256"/>
						<input>
							<port id="0">
								<dim>1</dim>
								<dim>1</dim>
								<dim>256</dim>
							</port>
						</input>
						<output>
							<port id="1">
								<dim>1</dim>
								<dim>256</dim>
							</port>
						</output>
					</layer>
					<layer id="1" name="71/GRUCell" precision="FP16" type="GRUCell">
						<data hidden_size="256" linear_before_reset="1"/>
						<input>
							<port id="0">
								<dim>1</dim>
								<dim>256</dim>
							</port>
							<port id="1">
								<dim>1</dim>
								<dim>256</dim>
							</port>
						</input>
						<output>
							<port id="4">
								<dim>1</dim>
								<dim>256</dim>
							</port>
						</output>
						<blobs>
							<weights offset="593474" size="786432"/>
							<biases offset="1379906" size="2048"/>
						</blobs>
					</layer>
					<layer id="2" name="71/output_unsqueeze/" precision="FP16" type="Reshape">
						<data dim="1,-1,256"/>
						<input>
							<port id="0">
								<dim>1</dim>
								<dim>256</dim>
							</port>
						</input>
						<output>
							<port id="1">
								<dim>1</dim>
								<dim>1</dim>
								<dim>256</dim>
							</port>
						</output>
					</layer>
				</layers>
				<edges>
					<edge from-layer="0" from-port="1" to-layer="1" to-port="0"/>
					<edge from-layer="1" from-port="4" to-layer="2" to-port="0"/>
				</edges>
			</body>
		</layer>
		<layer id="16" name="652_const" precision="I32" type="Const">
			<output>
				<port id="1">
					<dim>3</dim>
				</port>
			</output>
			<blobs>
				<custom offset="8" size="12"/>
			</blobs>
		</layer>
		<layer id="17" name="71/SqueezeNumDirections/1" precision="FP16" type="Reshape">
			<input>
				<port id="0">
					<dim>1</dim>
					<dim>256</dim>
				</port>
				<port id="1">
					<dim>3</dim>
				</port>
			</input>
			<output>
				<port id="2">
					<dim>1</dim>
					<dim>1</dim>
					<dim>256</dim>
				</port>
			</output>
		</layer>
		<layer id="18" name="648_const" precision="I32" type="Const">
			<output>
				<port id="1">
					<dim>4</dim>
				</port>
			</output>
			<blobs>
				<custom offset="20" size="16"/>
			</blobs>
		</layer>
		<layer id="19" name="71/SqueezeNumDirections/0" precision="FP16" type="Reshape">
			<input>
				<port id="0">
					<dim>30</dim>
					<dim>1</dim>
					<dim>256</dim>
				</port>
				<port id="1">
					<dim>4</dim>
				</port>
			</input>
			<output>
				<port id="2">
					<dim>30</dim>
					<dim>1</dim>
					<dim>1</dim>
					<dim>256</dim>
				</port>
			</output>
		</layer>
		<layer id="20" name="73/Dims/Output_0/Data__const" precision="I32" type="Const">
			<output>
				<port id="1">
					<dim>1</dim>
				</port>
			</output>
			<blobs>
				<custom offset="36" size="4"/>
			</blobs>
		</layer>
		<layer id="21" name="73" precision="FP16" type="Squeeze">
			<input>
				<port id="0">
					<dim>30</dim>
					<dim>1</dim>
					<dim>1</dim>
					<dim>256</dim>
				</port>
				<port id="1">
					<dim>1</dim>
				</port>
			</input>
			<output>
				<port id="2">
					<dim>30</dim>
					<dim>1</dim>
					<dim>256</dim>
				</port>
			</output>
		</layer>
		<layer id="22" name="641_const" precision="I32" type="Const">
			<output>
				<port id="1">
					<dim>2</dim>
				</port>
			</output>
			<blobs>
				<custom offset="0" size="8"/>
			</blobs>
		</layer>
		<layer id="23" name="95/HiddenStateResize" precision="FP16" type="Reshape">
			<input>
				<port id="0">
					<dim>1</dim>
					<dim>1</dim>
					<dim>256</dim>
				</port>
				<port id="1">
					<dim>2</dim>
				</port>
			</input>
			<output>
				<port id="2">
					<dim>1</dim>
					<dim>256</dim>
				</port>
			</output>
		</layer>
		<layer id="24" name="95/TensorIterator" precision="FP16" type="TensorIterator">
			<input>
				<port id="0">
					<dim>30</dim>
					<dim>1</dim>
					<dim>256</dim>
				</port>
				<port id="1">
					<dim>1</dim>
					<dim>256</dim>
				</port>
			</input>
			<output>
				<port id="2">
					<dim>30</dim>
					<dim>1</dim>
					<dim>256</dim>
				</port>
				<port id="3">
					<dim>1</dim>
					<dim>256</dim>
				</port>
			</output>
			<port_map>
				<input axis="0" external_port_id="0" internal_layer_id="0" internal_port_id="0" part_size="1" stride="1"/>
				<input external_port_id="1" internal_layer_id="1" internal_port_id="1"/>
				<output axis="0" external_port_id="2" internal_layer_id="2" internal_port_id="1" part_size="1" stride="1"/>
				<output external_port_id="3" internal_layer_id="1" internal_port_id="4"/>
			</port_map>
			<back_edges>
				<edge from-layer="1" from-port="4" to-layer="1" to-port="1"/>
			</back_edges>
			<body>
				<layers>
					<layer id="0" name="95/input_squeeze" precision="FP16" type="Reshape">
						<data dim="-1,256"/>
						<input>
							<port id="0">
								<dim>1</dim>
								<dim>1</dim>
								<dim>256</dim>
							</port>
						</input>
						<output>
							<port id="1">
								<dim>1</dim>
								<dim>256</dim>
							</port>
						</output>
					</layer>
					<layer id="1" name="95/GRUCell" precision="FP16" type="GRUCell">
						<data hidden_size="256" linear_before_reset="1"/>
						<input>
							<port id="0">
								<dim>1</dim>
								<dim>256</dim>
							</port>
							<port id="1">
								<dim>1</dim>
								<dim>256</dim>
							</port>
						</input>
						<output>
							<port id="4">
								<dim>1</dim>
								<dim>256</dim>
							</port>
						</output>
						<blobs>
							<weights offset="1381954" size="786432"/>
							<biases offset="2168386" size="2048"/>
						</blobs>
					</layer>
					<layer id="2" name="95/output_unsqueeze/" precision="FP16" type="Reshape">
						<data dim="1,-1,256"/>
						<input>
							<port id="0">
								<dim>1</dim>
								<dim>256</dim>
							</port>
						</input>
						<output>
							<port id="1">
								<dim>1</dim>
								<dim>1</dim>
								<dim>256</dim>
							</port>
						</output>
					</layer>
				</layers>
				<edges>
					<edge from-layer="0" from-port="1" to-layer="1" to-port="0"/>
					<edge from-layer="1" from-port="4" to-layer="2" to-port="0"/>
				</edges>
			</body>
		</layer>
		<layer id="25" name="638_const" precision="I32" type="Const">
			<output>
				<port id="1">
					<dim>3</dim>
				</port>
			</output>
			<blobs>
				<custom offset="8" size="12"/>
			</blobs>
		</layer>
		<layer id="26" name="95/SqueezeNumDirections/1" precision="FP16" type="Reshape">
			<input>
				<port id="0">
					<dim>1</dim>
					<dim>256</dim>
				</port>
				<port id="1">
					<dim>3</dim>
				</port>
			</input>
			<output>
				<port id="2">
					<dim>1</dim>
					<dim>1</dim>
					<dim>256</dim>
				</port>
			</output>
		</layer>
		<layer id="27" name="634_const" precision="I32" type="Const">
			<output>
				<port id="1">
					<dim>4</dim>
				</port>
			</output>
			<blobs>
				<custom offset="20" size="16"/>
			</blobs>
		</layer>
		<layer id="28" name="95/SqueezeNumDirections/0" precision="FP16" type="Reshape">
			<input>
				<port id="0">
					<dim>30</dim>
					<dim>1</dim>
					<dim>256</dim>
				</port>
				<port id="1">
					<dim>4</dim>
				</port>
			</input>
			<output>
				<port id="2">
					<dim>30</dim>
					<dim>1</dim>
					<dim>1</dim>
					<dim>256</dim>
				</port>
			</output>
		</layer>
		<layer id="29" name="97/Dims/Output_0/Data__const" precision="I32" type="Const">
			<output>
				<port id="1">
					<dim>1</dim>
				</port>
			</output>
			<blobs>
				<custom offset="36" size="4"/>
			</blobs>
		</layer>
		<layer id="30" name="97" precision="FP16" type="Squeeze">
			<input>
				<port id="0">
					<dim>30</dim>
					<dim>1</dim>
					<dim>1</dim>
					<dim>256</dim>
				</port>
				<port id="1">
					<dim>1</dim>
				</port>
			</input>
			<output>
				<port id="2">
					<dim>30</dim>
					<dim>1</dim>
					<dim>256</dim>
				</port>
			</output>
		</layer>
		<layer id="31" name="683_const" precision="I32" type="Const">
			<output>
				<port id="1">
					<dim>2</dim>
				</port>
			</output>
			<blobs>
				<custom offset="0" size="8"/>
			</blobs>
		</layer>
		<layer id="32" name="119/HiddenStateResize" precision="FP16" type="Reshape">
			<input>
				<port id="0">
					<dim>1</dim>
					<dim>1</dim>
					<dim>256</dim>
				</port>
				<port id="1">
					<dim>2</dim>
				</port>
			</input>
			<output>
				<port id="2">
					<dim>1</dim>
					<dim>256</dim>
				</port>
			</output>
		</layer>
		<layer id="33" name="119/TensorIterator" precision="FP16" type="TensorIterator">
			<input>
				<port id="0">
					<dim>30</dim>
					<dim>1</dim>
					<dim>256</dim>
				</port>
				<port id="1">
					<dim>1</dim>
					<dim>256</dim>
				</port>
			</input>
			<output>
				<port id="2">
					<dim>30</dim>
					<dim>1</dim>
					<dim>256</dim>
				</port>
				<port id="3">
					<dim>1</dim>
					<dim>256</dim>
				</port>
			</output>
			<port_map>
				<input axis="0" external_port_id="0" internal_layer_id="0" internal_port_id="0" part_size="1" stride="1"/>
				<input external_port_id="1" internal_layer_id="1" internal_port_id="1"/>
				<output axis="0" external_port_id="2" internal_layer_id="2" internal_port_id="1" part_size="1" stride="1"/>
				<output external_port_id="3" internal_layer_id="1" internal_port_id="4"/>
			</port_map>
			<back_edges>
				<edge from-layer="1" from-port="4" to-layer="1" to-port="1"/>
			</back_edges>
			<body>
				<layers>
					<layer id="0" name="119/input_squeeze" precision="FP16" type="Reshape">
						<data dim="-1,256"/>
						<input>
							<port id="0">
								<dim>1</dim>
								<dim>1</dim>
								<dim>256</dim>
							</port>
						</input>
						<output>
							<port id="1">
								<dim>1</dim>
								<dim>256</dim>
							</port>
						</output>
					</layer>
					<layer id="1" name="119/GRUCell" precision="FP16" type="GRUCell">
						<data hidden_size="256" linear_before_reset="1"/>
						<input>
							<port id="0">
								<dim>1</dim>
								<dim>256</dim>
							</port>
							<port id="1">
								<dim>1</dim>
								<dim>256</dim>
							</port>
						</input>
						<output>
							<port id="4">
								<dim>1</dim>
								<dim>256</dim>
							</port>
						</output>
						<blobs>
							<weights offset="2170434" size="786432"/>
							<biases offset="2956866" size="2048"/>
						</blobs>
					</layer>
					<layer id="2" name="119/output_unsqueeze/" precision="FP16" type="Reshape">
						<data dim="1,-1,256"/>
						<input>
							<port id="0">
								<dim>1</dim>
								<dim>256</dim>
							</port>
						</input>
						<output>
							<port id="1">
								<dim>1</dim>
								<dim>1</dim>
								<dim>256</dim>
							</port>
						</output>
					</layer>
				</layers>
				<edges>
					<edge from-layer="0" from-port="1" to-layer="1" to-port="0"/>
					<edge from-layer="1" from-port="4" to-layer="2" to-port="0"/>
				</edges>
			</body>
		</layer>
		<layer id="34" name="680_const" precision="I32" type="Const">
			<output>
				<port id="1">
					<dim>3</dim>
				</port>
			</output>
			<blobs>
				<custom offset="8" size="12"/>
			</blobs>
		</layer>
		<layer id="35" name="119/SqueezeNumDirections/1" precision="FP16" type="Reshape">
			<input>
				<port id="0">
					<dim>1</dim>
					<dim>256</dim>
				</port>
				<port id="1">
					<dim>3</dim>
				</port>
			</input>
			<output>
				<port id="2">
					<dim>1</dim>
					<dim>1</dim>
					<dim>256</dim>
				</port>
			</output>
		</layer>
		<layer id="36" name="676_const" precision="I32" type="Const">
			<output>
				<port id="1">
					<dim>4</dim>
				</port>
			</output>
			<blobs>
				<custom offset="20" size="16"/>
			</blobs>
		</layer>
		<layer id="37" name="119/SqueezeNumDirections/0" precision="FP16" type="Reshape">
			<input>
				<port id="0">
					<dim>30</dim>
					<dim>1</dim>
					<dim>256</dim>
				</port>
				<port id="1">
					<dim>4</dim>
				</port>
			</input>
			<output>
				<port id="2">
					<dim>30</dim>
					<dim>1</dim>
					<dim>1</dim>
					<dim>256</dim>
				</port>
			</output>
		</layer>
		<layer id="38" name="121/Dims/Output_0/Data__const" precision="I32" type="Const">
			<output>
				<port id="1">
					<dim>1</dim>
				</port>
			</output>
			<blobs>
				<custom offset="36" size="4"/>
			</blobs>
		</layer>
		<layer id="39" name="121" precision="FP16" type="Squeeze">
			<input>
				<port id="0">
					<dim>30</dim>
					<dim>1</dim>
					<dim>1</dim>
					<dim>256</dim>
				</port>
				<port id="1">
					<dim>1</dim>
				</port>
			</input>
			<output>
				<port id="2">
					<dim>30</dim>
					<dim>1</dim>
					<dim>256</dim>
				</port>
			</output>
		</layer>
		<layer id="40" name="697_const" precision="I32" type="Const">
			<output>
				<port id="1">
					<dim>2</dim>
				</port>
			</output>
			<blobs>
				<custom offset="0" size="8"/>
			</blobs>
		</layer>
		<layer id="41" name="143/HiddenStateResize" precision="FP16" type="Reshape">
			<input>
				<port id="0">
					<dim>1</dim>
					<dim>1</dim>
					<dim>256</dim>
				</port>
				<port id="1">
					<dim>2</dim>
				</port>
			</input>
			<output>
				<port id="2">
					<dim>1</dim>
					<dim>256</dim>
				</port>
			</output>
		</layer>
		<layer id="42" name="143/TensorIterator" precision="FP16" type="TensorIterator">
			<input>
				<port id="0">
					<dim>30</dim>
					<dim>1</dim>
					<dim>256</dim>
				</port>
				<port id="1">
					<dim>1</dim>
					<dim>256</dim>
				</port>
			</input>
			<output>
				<port id="2">
					<dim>30</dim>
					<dim>1</dim>
					<dim>256</dim>
				</port>
				<port id="3">
					<dim>1</dim>
					<dim>256</dim>
				</port>
			</output>
			<port_map>
				<input axis="0" external_port_id="0" internal_layer_id="0" internal_port_id="0" part_size="1" stride="1"/>
				<input external_port_id="1" internal_layer_id="1" internal_port_id="1"/>
				<output axis="0" external_port_id="2" internal_layer_id="2" internal_port_id="1" part_size="1" stride="1"/>
				<output external_port_id="3" internal_layer_id="1" internal_port_id="4"/>
			</port_map>
			<back_edges>
				<edge from-layer="1" from-port="4" to-layer="1" to-port="1"/>
			</back_edges>
			<body>
				<layers>
					<layer id="0" name="143/input_squeeze" precision="FP16" type="Reshape">
						<data dim="-1,256"/>
						<input>
							<port id="0">
								<dim>1</dim>
								<dim>1</dim>
								<dim>256</dim>
							</port>
						</input>
						<output>
							<port id="1">
								<dim>1</dim>
								<dim>256</dim>
							</port>
						</output>
					</layer>
					<layer id="1" name="143/GRUCell" precision="FP16" type="GRUCell">
						<data hidden_size="256" linear_before_reset="1"/>
						<input>
							<port id="0">
								<dim>1</dim>
								<dim>256</dim>
							</port>
							<port id="1">
								<dim>1</dim>
								<dim>256</dim>
							</port>
						</input>
						<output>
							<port id="4">
								<dim>1</dim>
								<dim>256</dim>
							</port>
						</output>
						<blobs>
							<weights offset="2958914" size="786432"/>
							<biases offset="3745346" size="2048"/>
						</blobs>
					</layer>
					<layer id="2" name="143/output_unsqueeze/" precision="FP16" type="Reshape">
						<data dim="1,-1,256"/>
						<input>
							<port id="0">
								<dim>1</dim>
								<dim>256</dim>
							</port>
						</input>
						<output>
							<port id="1">
								<dim>1</dim>
								<dim>1</dim>
								<dim>256</dim>
							</port>
						</output>
					</layer>
				</layers>
				<edges>
					<edge from-layer="0" from-port="1" to-layer="1" to-port="0"/>
					<edge from-layer="1" from-port="4" to-layer="2" to-port="0"/>
				</edges>
			</body>
		</layer>
		<layer id="43" name="694_const" precision="I32" type="Const">
			<output>
				<port id="1">
					<dim>3</dim>
				</port>
			</output>
			<blobs>
				<custom offset="8" size="12"/>
			</blobs>
		</layer>
		<layer id="44" name="143/SqueezeNumDirections/1" precision="FP16" type="Reshape">
			<input>
				<port id="0">
					<dim>1</dim>
					<dim>256</dim>
				</port>
				<port id="1">
					<dim>3</dim>
				</port>
			</input>
			<output>
				<port id="2">
					<dim>1</dim>
					<dim>1</dim>
					<dim>256</dim>
				</port>
			</output>
		</layer>
		<layer id="45" name="147" precision="FP16" type="Concat">
			<data axis="0"/>
			<input>
				<port id="0">
					<dim>1</dim>
					<dim>1</dim>
					<dim>256</dim>
				</port>
				<port id="1">
					<dim>1</dim>
					<dim>1</dim>
					<dim>256</dim>
				</port>
				<port id="2">
					<dim>1</dim>
					<dim>1</dim>
					<dim>256</dim>
				</port>
				<port id="3">
					<dim>1</dim>
					<dim>1</dim>
					<dim>256</dim>
				</port>
				<port id="4">
					<dim>1</dim>
					<dim>1</dim>
					<dim>256</dim>
				</port>
			</input>
			<output>
				<port id="5">
					<dim>5</dim>
					<dim>1</dim>
					<dim>256</dim>
				</port>
			</output>
		</layer>
		<layer id="46" name="690_const" precision="I32" type="Const">
			<output>
				<port id="1">
					<dim>4</dim>
				</port>
			</output>
			<blobs>
				<custom offset="20" size="16"/>
			</blobs>
		</layer>
		<layer id="47" name="143/SqueezeNumDirections/0" precision="FP16" type="Reshape">
			<input>
				<port id="0">
					<dim>30</dim>
					<dim>1</dim>
					<dim>256</dim>
				</port>
				<port id="1">
					<dim>4</dim>
				</port>
			</input>
			<output>
				<port id="2">
					<dim>30</dim>
					<dim>1</dim>
					<dim>1</dim>
					<dim>256</dim>
				</port>
			</output>
		</layer>
		<layer id="48" name="145/Dims/Output_0/Data__const" precision="I32" type="Const">
			<output>
				<port id="1">
					<dim>1</dim>
				</port>
			</output>
			<blobs>
				<custom offset="36" size="4"/>
			</blobs>
		</layer>
		<layer id="49" name="145" precision="FP16" type="Squeeze">
			<input>
				<port id="0">
					<dim>30</dim>
					<dim>1</dim>
					<dim>1</dim>
					<dim>256</dim>
				</port>
				<port id="1">
					<dim>1</dim>
				</port>
			</input>
			<output>
				<port id="2">
					<dim>30</dim>
					<dim>1</dim>
					<dim>256</dim>
				</port>
			</output>
		</layer>
		<layer id="50" name="146" precision="FP16" type="Permute">
			<data order="1,0,2"/>
			<input>
				<port id="0">
					<dim>30</dim>
					<dim>1</dim>
					<dim>256</dim>
				</port>
			</input>
			<output>
				<port id="1">
					<dim>1</dim>
					<dim>30</dim>
					<dim>256</dim>
				</port>
			</output>
		</layer>
		<layer id="51" name="149/Reshape/value732_const" precision="I32" type="Const">
			<output>
				<port id="1">
					<dim>2</dim>
				</port>
			</output>
			<blobs>
				<custom offset="40" size="8"/>
			</blobs>
		</layer>
		<layer id="52" name="149/Reshape" precision="FP16" type="Reshape">
			<input>
				<port id="0">
					<dim>1</dim>
					<dim>30</dim>
					<dim>256</dim>
				</port>
				<port id="1">
					<dim>2</dim>
				</port>
			</input>
			<output>
				<port id="2">
					<dim>30</dim>
					<dim>256</dim>
				</port>
			</output>
		</layer>
		<layer id="53" name="149" precision="FP16" type="FullyConnected">
			<data out-size="3"/>
			<input>
				<port id="0">
					<dim>30</dim>
					<dim>256</dim>
				</port>
			</input>
			<output>
				<port id="2">
					<dim>30</dim>
					<dim>3</dim>
				</port>
			</output>
			<blobs>
				<weights offset="48" size="1536"/>
			</blobs>
		</layer>
		<layer id="54" name="149/ReshapeBack/value736_const" precision="I32" type="Const">
			<output>
				<port id="1">
					<dim>3</dim>
				</port>
			</output>
			<blobs>
				<custom offset="1584" size="12"/>
			</blobs>
		</layer>
		<layer id="55" name="149/ReshapeBack" precision="FP16" type="Reshape">
			<input>
				<port id="0">
					<dim>30</dim>
					<dim>3</dim>
				</port>
				<port id="1">
					<dim>3</dim>
				</port>
			</input>
			<output>
				<port id="2">
					<dim>1</dim>
					<dim>30</dim>
					<dim>3</dim>
				</port>
			</output>
		</layer>
		<layer id="56" name="fc.bias/Output_0/Data_/copy_const" precision="FP16" type="Const">
			<output>
				<port id="1">
					<dim>1</dim>
					<dim>1</dim>
					<dim>3</dim>
				</port>
			</output>
			<blobs>
				<custom offset="1596" size="6"/>
			</blobs>
		</layer>
		<layer id="57" name="150" precision="FP16" type="Eltwise">
			<data operation="sum"/>
			<input>
				<port id="0">
					<dim>1</dim>
					<dim>30</dim>
					<dim>3</dim>
				</port>
				<port id="1">
					<dim>1</dim>
					<dim>1</dim>
					<dim>3</dim>
				</port>
			</input>
			<output>
				<port id="2">
					<dim>1</dim>
					<dim>30</dim>
					<dim>3</dim>
				</port>
			</output>
		</layer>
		<layer id="58" name="output" precision="FP16" type="Permute">
			<data order="0,2,1"/>
			<input>
				<port id="0">
					<dim>1</dim>
					<dim>30</dim>
					<dim>3</dim>
				</port>
			</input>
			<output>
				<port id="1">
					<dim>1</dim>
					<dim>3</dim>
					<dim>30</dim>
				</port>
			</output>
		</layer>
	</layers>
	<edges>
		<edge from-layer="0" from-port="0" to-layer="1" to-port="0"/>
		<edge from-layer="2" from-port="0" to-layer="3" to-port="0"/>
		<edge from-layer="3" from-port="1" to-layer="5" to-port="0"/>
		<edge from-layer="4" from-port="1" to-layer="5" to-port="1"/>
		<edge from-layer="1" from-port="1" to-layer="6" to-port="0"/>
		<edge from-layer="5" from-port="2" to-layer="6" to-port="1"/>
		<edge from-layer="6" from-port="3" to-layer="8" to-port="0"/>
		<edge from-layer="7" from-port="1" to-layer="8" to-port="1"/>
		<edge from-layer="6" from-port="2" to-layer="10" to-port="0"/>
		<edge from-layer="9" from-port="1" to-layer="10" to-port="1"/>
		<edge from-layer="10" from-port="2" to-layer="12" to-port="0"/>
		<edge from-layer="11" from-port="1" to-layer="12" to-port="1"/>
		<edge from-layer="3" from-port="2" to-layer="14" to-port="0"/>
		<edge from-layer="13" from-port="1" to-layer="14" to-port="1"/>
		<edge from-layer="12" from-port="2" to-layer="15" to-port="0"/>
		<edge from-layer="14" from-port="2" to-layer="15" to-port="1"/>
		<edge from-layer="15" from-port="3" to-layer="17" to-port="0"/>
		<edge from-layer="16" from-port="1" to-layer="17" to-port="1"/>
		<edge from-layer="15" from-port="2" to-layer="19" to-port="0"/>
		<edge from-layer="18" from-port="1" to-layer="19" to-port="1"/>
		<edge from-layer="19" from-port="2" to-layer="21" to-port="0"/>
		<edge from-layer="20" from-port="1" to-layer="21" to-port="1"/>
		<edge from-layer="3" from-port="3" to-layer="23" to-port="0"/>
		<edge from-layer="22" from-port="1" to-layer="23" to-port="1"/>
		<edge from-layer="21" from-port="2" to-layer="24" to-port="0"/>
		<edge from-layer="23" from-port="2" to-layer="24" to-port="1"/>
		<edge from-layer="24" from-port="3" to-layer="26" to-port="0"/>
		<edge from-layer="25" from-port="1" to-layer="26" to-port="1"/>
		<edge from-layer="24" from-port="2" to-layer="28" to-port="0"/>
		<edge from-layer="27" from-port="1" to-layer="28" to-port="1"/>
		<edge from-layer="28" from-port="2" to-layer="30" to-port="0"/>
		<edge from-layer="29" from-port="1" to-layer="30" to-port="1"/>
		<edge from-layer="3" from-port="4" to-layer="32" to-port="0"/>
		<edge from-layer="31" from-port="1" to-layer="32" to-port="1"/>
		<edge from-layer="30" from-port="2" to-layer="33" to-port="0"/>
		<edge from-layer="32" from-port="2" to-layer="33" to-port="1"/>
		<edge from-layer="33" from-port="3" to-layer="35" to-port="0"/>
		<edge from-layer="34" from-port="1" to-layer="35" to-port="1"/>
		<edge from-layer="33" from-port="2" to-layer="37" to-port="0"/>
		<edge from-layer="36" from-port="1" to-layer="37" to-port="1"/>
		<edge from-layer="37" from-port="2" to-layer="39" to-port="0"/>
		<edge from-layer="38" from-port="1" to-layer="39" to-port="1"/>
		<edge from-layer="3" from-port="5" to-layer="41" to-port="0"/>
		<edge from-layer="40" from-port="1" to-layer="41" to-port="1"/>
		<edge from-layer="39" from-port="2" to-layer="42" to-port="0"/>
		<edge from-layer="41" from-port="2" to-layer="42" to-port="1"/>
		<edge from-layer="42" from-port="3" to-layer="44" to-port="0"/>
		<edge from-layer="43" from-port="1" to-layer="44" to-port="1"/>
		<edge from-layer="8" from-port="2" to-layer="45" to-port="0"/>
		<edge from-layer="17" from-port="2" to-layer="45" to-port="1"/>
		<edge from-layer="26" from-port="2" to-layer="45" to-port="2"/>
		<edge from-layer="35" from-port="2" to-layer="45" to-port="3"/>
		<edge from-layer="44" from-port="2" to-layer="45" to-port="4"/>
		<edge from-layer="42" from-port="2" to-layer="47" to-port="0"/>
		<edge from-layer="46" from-port="1" to-layer="47" to-port="1"/>
		<edge from-layer="47" from-port="2" to-layer="49" to-port="0"/>
		<edge from-layer="48" from-port="1" to-layer="49" to-port="1"/>
		<edge from-layer="49" from-port="2" to-layer="50" to-port="0"/>
		<edge from-layer="50" from-port="1" to-layer="52" to-port="0"/>
		<edge from-layer="51" from-port="1" to-layer="52" to-port="1"/>
		<edge from-layer="52" from-port="2" to-layer="53" to-port="0"/>
		<edge from-layer="53" from-port="2" to-layer="55" to-port="0"/>
		<edge from-layer="54" from-port="1" to-layer="55" to-port="1"/>
		<edge from-layer="55" from-port="2" to-layer="57" to-port="0"/>
		<edge from-layer="56" from-port="1" to-layer="57" to-port="1"/>
		<edge from-layer="57" from-port="2" to-layer="58" to-port="0"/>
	</edges>
	<meta_data>
		<MO_version value="2019.3.0-408-gac8584cb7"/>
		<cli_parameters>
			<blobs_as_inputs value="False"/>
			<caffe_parser_path value="DIR"/>
			<data_type value="FP16"/>
			<disable_nhwc_to_nchw value="False"/>
			<disable_omitting_optional value="False"/>
			<disable_resnet_optimization value="False"/>
			<enable_concat_optimization value="False"/>
			<enable_flattening_nested_params value="False"/>
			<enable_ssd_gluoncv value="False"/>
			<extensions value="DIR"/>
			<framework value="onnx"/>
			<freeze_placeholder_with_value value="{}"/>
			<generate_experimental_IR_V10 value="False"/>
			<input_model value="DIR/speaker_diarization.onnx"/>
			<input_model_is_text value="False"/>
			<k value="DIR/CustomLayersMapping.xml"/>
			<keep_quantize_ops_in_IR value="False"/>
			<keep_shape_ops value="False"/>
			<legacy_mxnet_model value="False"/>
			<log_level value="ERROR"/>
			<mean_scale_values value="{}"/>
			<mean_values value="()"/>
			<move_to_preprocess value="False"/>
			<output_dir value="DIR"/>
			<remove_memory value="False"/>
			<remove_output_softmax value="False"/>
			<reverse_input_channels value="False"/>
			<save_params_from_nd value="False"/>
			<scale_values value="()"/>
			<silent value="False"/>
			<steps value="False"/>
			<version value="False"/>
			<unset unset_cli_parameters="batch, counts, disable_fusing, disable_gfusing, finegrain_fusing, generate_deprecated_IR_V2, input, input_checkpoint, input_meta_graph, input_proto, input_shape, input_symbol, mean_file, mean_file_offsets, model_name, nd_prefix_name, output, placeholder_shapes, pretrained_model_name, saved_model_dir, saved_model_tags, scale, tensorboard_logdir, tensorflow_custom_layer_libraries, tensorflow_custom_operations_config_update, tensorflow_object_detection_api_pipeline_config, tensorflow_operation_patterns, tensorflow_subgraph_patterns, tensorflow_use_custom_operations_config"/>
		</cli_parameters>
	</meta_data>
</net>
